<?xml version="1.0" encoding="UTF-8"?>
<project-private xmlns="http://www.netbeans.org/ns/project-private/1">
    <editor-bookmarks xmlns="http://www.netbeans.org/ns/editor-bookmarks/2" lastBookmarkId="0"/>
    <open-files xmlns="http://www.netbeans.org/ns/projectui-open-files/2">
        <group>
            <file>file:/F:/gam/Testt/src/mygame/Player.java</file>
            <file>file:/F:/gam/Testt/assets/Interface/FrontPage.xml</file>
            <file>file:/F:/gam/Testt/src/mygame/Scene.java</file>
            <file>file:/F:/gam/Testt/src/mygame/Audio.java</file>
            <file>file:/F:/gam/Testt/src/mygame/Main.java</file>
            <file>file:/F:/gam/Testt/src/mygame/Obstacle.java</file>
            <file>file:/F:/gam/Testt/assets/Models/Fence%2001/Fence%2001.j3o</file>
            <file>file:/F:/gam/Testt/src/mygame/GameLogic.java</file>
        </group>
    </open-files>
</project-private>
