<?xml version="1.0" encoding="UTF-8" standalone="yes"?>
<nifty xmlns:xsi="http://www.w3.org/2001/XMLSchema-instance" xmlns="http://nifty-gui.lessvoid.com/nifty-gui" xsi:schemaLocation="https://raw.githubusercontent.com/void256/nifty-gui/1.4/nifty-core/src/main/resources/nifty.xsd https://raw.githubusercontent.com/void256/nifty-gui/1.4/nifty-core/src/main/resources/nifty.xsd">
    <screen id="GScreen0" controller="mygame.Main">
        <layer id="GLayer0" childLayout="absolute" backgroundImage="Interface/gamelogo.png">
            <control name="button" id="playButton" childLayout="center" width="182px" x="314" y="509" label="PLAY" height="54px"/>
            <control name="button" id="exitButton" childLayout="center" width="148px" x="637" y="541" label="EXIT" height="43px"/>
            <control name="label" id="GLabel0" width="100px" x="17" y="8" text="High Score" font="aurulent-sans-16.fnt" height="50px"/>
            <control name="label" id="highScore" width="100px" x="16" y="47" text="0" font="aurulent-sans-16.fnt" height="50px"/>
        </layer>
    </screen>
</nifty>
