<?xml version="1.0" encoding="UTF-8" standalone="yes"?>
<nifty xmlns:xsi="http://www.w3.org/2001/XMLSchema-instance" xmlns="http://nifty-gui.lessvoid.com/nifty-gui" xsi:schemaLocation="https://raw.githubusercontent.com/void256/nifty-gui/1.4/nifty-core/src/main/resources/nifty.xsd https://raw.githubusercontent.com/void256/nifty-gui/1.4/nifty-core/src/main/resources/nifty.xsd">
    <screen id="GScreen0" childLayout="center" controller="mygame.Main">
        <layer id="GLayer0" childLayout="center">
            <image id="GImage2" childLayout="absolute" filename="Q:\GUI JMONKEY\GUI\assets\Interface\gamelogo.png" width="801px" x="-1px" y="-1px" height="595px"/>
        </layer>
        <layer id="GLayer1" childLayout="absolute">
            <control name="label" id="GLabel0" width="214px" x="302" y="517" text="PRESS SPACE TO PLAY" font="aurulent-sans-16.fnt" height="43px"/>
            <control name="label" id="GLabel1" width="100px" x="10" y="52" text="HIGH SCORE" font="aurulent-sans-16.fnt" height="50px"/>
            <control name="label" id="hScr" width="100px" x="9" y="87" text="0" font="aurulent-sans-16.fnt" height="50px"/>
        </layer>
    </screen>
</nifty>
