<?xml version="1.0" encoding="UTF-8" standalone="yes"?>
<nifty xmlns:xsi="http://www.w3.org/2001/XMLSchema-instance" xmlns="http://nifty-gui.lessvoid.com/nifty-gui" xsi:schemaLocation="https://raw.githubusercontent.com/void256/nifty-gui/1.4/nifty-core/src/main/resources/nifty.xsd https://raw.githubusercontent.com/void256/nifty-gui/1.4/nifty-core/src/main/resources/nifty.xsd">
    <screen id="halamanDepan" controller="mygame.Main">
        <layer id="GLayer0" childLayout="absolute" backgroundImage="Q:\GUI JMONKEY\GUI\assets\Interface\game logo.png">
            <control name="button" id="playBut" childLayout="center" width="176px" x="316" y="501" label="PLAY" height="65px"/>
            <control name="button" id="exitBut" childLayout="center" width="124px" x="658" y="543" label="EXIT" height="43px"/>
            <control name="label" id="GLabel1" width="100px" x="24" y="20" text="HIGH SCORE" font="aurulent-sans-16.fnt" height="50px"/>
            <control name="label" id="highScr" width="100px" x="21" y="64" text="0" font="aurulent-sans-16.fnt" height="50px"/>
        </layer>
    </screen>
    <screen id="halamanPause">
        <layer id="GLayer1" childLayout="absolute" backgroundImage="Q:\GUI JMONKEY\GUI\assets\Interface\Paused.jpg">
            <control name="button" id="resumeBut" childLayout="center" width="229px" x="285px" y="471px" label="RESUME" height="59px"/>
        </layer>
    </screen>
    <screen id="halamanGameOver">
        <layer id="GLayer2" childLayout="absolute" backgroundImage="Q:\GUI JMONKEY\GUI\assets\Interface\gameOverRev.png"/>
    </screen>
</nifty>
